ID,Name,Alignment,Gender,EyeColor,Race,HairColor,Publisher,SkinColor,Height,Weight
0,A-Bomb,good,Male,yellow,Human,No Hair,Marvel Comics,-,203,441
1,Abe Sapien,good,Male,blue,Icthyo Sapien,No Hair,Dark Horse Comics,blue,191,65
2,Abin Sur,good,Male,blue,Ungaran,No Hair,DC Comics,red,185,90
3,Abomination,bad,Male,green,Human / Radiation,No Hair,Marvel Comics,-,203,441
4,Abraxas,bad,Male,blue,Cosmic Entity,Black,Marvel Comics,-,-99,-99
5,Absorbing Man,bad,Male,blue,Human,No Hair,Marvel Comics,-,193,122
6,Adam Monroe,good,Male,blue,-,Blond,NBC - Heroes,-,-99,-99
7,Adam Strange,good,Male,blue,Human,Blond,DC Comics,-,185,88
8,Agent 13,good,Female,blue,-,Blond,Marvel Comics,-,173,61
9,Agent Bob,good,Male,brown,Human,Brown,Marvel Comics,-,178,81
10,Agent Zero,good,Male,-,-,-,Marvel Comics,-,191,104
11,Air-Walker,bad,Male,blue,-,White,Marvel Comics,-,188,108
12,Ajax,bad,Male,brown,Cyborg,Black,Marvel Comics,-,193,90
13,Alan Scott,good,Male,blue,-,Blond,DC Comics,-,180,90
14,Alex Mercer,bad,Male,-,Human,-,Wildstorm,-,-99,-99
15,Alex Woolsly,good,Male,-,-,-,NBC - Heroes,-,-99,-99
16,Alfred Pennyworth,good,Male,blue,Human,Black,DC Comics,-,178,72
17,Alien,bad,Male,-,Xenomorph XX121,No Hair,Dark Horse Comics,black,244,169
18,Allan Quatermain,good,Male,-,-,-,Wildstorm,-,-99,-99
19,Amazo,bad,Male,red,Android,-,DC Comics,-,257,173
20,Ammo,bad,Male,brown,Human,Black,Marvel Comics,-,188,101
21,Ando Masahashi,good,Male,-,-,-,NBC - Heroes,-,-99,-99
22,Angel,good,Male,blue,-,Blond,Marvel Comics,-,183,68
23,Angel,good,Male,-,Vampire,-,Dark Horse Comics,-,-99,-99
24,Angel Dust,good,Female,yellow,Mutant,Black,Marvel Comics,-,165,57
25,Angel Salvadore,good,Female,brown,-,Black,Marvel Comics,-,163,54
26,Angela,bad,Female,-,-,-,Image Comics,-,-99,-99
27,Animal Man,good,Male,blue,Human,Blond,DC Comics,-,183,83
28,Annihilus,bad,Male,green,-,No Hair,Marvel Comics,-,180,90
29,Ant-Man,good,Male,blue,Human,Blond,Marvel Comics,-,211,122
30,Ant-Man II,good,Male,blue,Human,Blond,Marvel Comics,-,183,86
31,Anti-Monitor,bad,Male,yellow,God / Eternal,No Hair,DC Comics,-,61,-99
32,Anti-Spawn,bad,Male,-,-,-,Image Comics,-,-99,-99
33,Anti-Venom,-,Male,blue,Symbiote,Blond,Marvel Comics,-,229,358
34,Apocalypse,bad,Male,red,Mutant,Black,Marvel Comics,grey,213,135
35,Aquababy,good,Male,blue,-,Blond,DC Comics,-,-99,-99
36,Aqualad,good,Male,blue,Atlantean,Black,DC Comics,-,178,106
37,Aquaman,good,Male,blue,Atlantean,Blond,DC Comics,-,185,146
38,Arachne,good,Female,blue,Human,Blond,Marvel Comics,-,175,63
39,Archangel,good,Male,blue,Mutant,Blond,Marvel Comics,blue,183,68
40,Arclight,bad,Female,violet,-,Purple,Marvel Comics,-,173,57
41,Ardina,good,Female,white,Alien,Orange,Marvel Comics,gold,193,98
42,Ares,good,Male,brown,-,Brown,Marvel Comics,-,185,270
43,Ariel,good,Female,purple,-,Pink,Marvel Comics,-,165,59
44,Armor,good,Female,black,-,Black,Marvel Comics,-,163,50
45,Arsenal,good,Male,-,Human,-,DC Comics,-,-99,-99
46,Astro Boy,good,Male,brown,-,Black,,-,-99,-99
47,Atlas,good,Male,brown,Mutant,Red,Marvel Comics,-,183,101
48,Atlas,bad,Male,blue,God / Eternal,Brown,DC Comics,-,198,126
49,Atom,good,Male,blue,-,Red,DC Comics,-,178,68
50,Atom,good,Male,-,-,-,DC Comics,-,-99,-99
51,Atom Girl,good,Female,black,-,Black,DC Comics,-,168,54
52,Atom II,good,Male,brown,Human,Auburn,DC Comics,-,183,81
53,Atom III,good,Male,-,-,Red,DC Comics,-,-99,-99
54,Atom IV,good,Male,brown,-,Black,DC Comics,-,-99,72
55,Aurora,good,Female,blue,Mutant,Black,Marvel Comics,-,180,63
56,Azazel,bad,Male,yellow,Neyaphem,Black,Marvel Comics,red,183,67
57,Azrael,good,Male,brown,Human,Black,DC Comics,-,-99,-99
58,Aztar,good,Male,-,-,-,DC Comics,-,-99,-99
59,Bane,bad,Male,-,Human,-,DC Comics,-,203,180
60,Banshee,good,Male,green,Human,Strawberry Blond,Marvel Comics,-,183,77
61,Bantam,good,Male,brown,-,Black,Marvel Comics,-,165,54
62,Batgirl,good,Female,-,-,-,DC Comics,-,-99,-99
63,Batgirl,good,Female,green,Human,Red,DC Comics,-,170,57
64,Batgirl III,good,Female,-,-,-,DC Comics,-,-99,-99
65,Batgirl IV,good,Female,green,Human,Black,DC Comics,-,165,52
66,Batgirl V,good,Female,-,-,-,DC Comics,-,-99,-99
67,Batgirl VI,good,Female,blue,-,Blond,DC Comics,-,168,61
68,Batman,good,Male,blue,Human,black,DC Comics,-,188,95
69,Batman,good,Male,blue,Human,Black,DC Comics,-,178,77
70,Batman II,good,Male,blue,Human,Black,DC Comics,-,178,79
71,Battlestar,good,Male,brown,-,Black,Marvel Comics,-,198,133
72,Batwoman V,good,Female,green,Human,Red,DC Comics,-,178,-99
73,Beak,good,Male,black,-,White,Marvel Comics,-,175,63
74,Beast,good,Male,blue,Mutant,Blue,Marvel Comics,blue,180,181
75,Beast Boy,good,Male,green,Human,Green,DC Comics,green,173,68
76,Beetle,bad,Male,-,-,-,Marvel Comics,-,-99,-99
77,Ben 10,good,Male,-,-,-,DC Comics,-,-99,-99
78,Beta Ray Bill,good,Male,-,-,No Hair,Marvel Comics,-,201,216
79,Beyonder,good,Male,-,God / Eternal,-,Marvel Comics,-,-99,-99
80,Big Barda,bad,Female,blue,New God,Black,DC Comics,-,188,135
81,Big Daddy,good,Male,-,-,-,Icon Comics,-,-99,-99
82,Big Man,bad,Male,blue,-,Brown,Marvel Comics,-,165,71
83,Bill Harken,good,Male,-,Alpha,-,SyFy,-,-99,-99
84,Billy Kincaid,bad,Male,-,-,-,Image Comics,-,-99,-99
85,Binary,good,Female,blue,-,Blond,Marvel Comics,-,180,54
86,Bionic Woman,good,Female,blue,Cyborg,Black,,-,-99,-99
87,Bird-Brain,good,-,-,-,-,Marvel Comics,-,-99,-99
88,Bird-Man,bad,Male,-,Human,-,Marvel Comics,-,-99,-99
89,Bird-Man II,bad,Male,-,Human,-,Marvel Comics,-,-99,-99
90,Birdman,good,Male,-,God / Eternal,-,Hanna-Barbera,-,-99,-99
91,Bishop,good,Male,brown,Mutant,No Hair,Marvel Comics,-,198,124
92,Bizarro,neutral,Male,black,Bizarro,Black,DC Comics,white,191,155
93,Black Abbott,bad,Male,red,-,Black,Marvel Comics,-,-99,-99
94,Black Adam,bad,Male,brown,-,Black,DC Comics,-,191,113
95,Black Bolt,good,Male,blue,Inhuman,Black,Marvel Comics,-,188,95
96,Black Canary,good,Female,blue,Human,Blond,DC Comics,-,165,58
97,Black Canary,good,Female,blue,Metahuman,Blond,DC Comics,-,170,59
98,Black Cat,good,Female,green,Human,Blond,Marvel Comics,-,178,54
99,Black Flash,neutral,Male,-,God / Eternal,-,DC Comics,-,-99,-99
100,Black Goliath,good,Male,-,-,-,Marvel Comics,-,-99,-99
101,Black Knight III,good,Male,brown,Human,Brown,Marvel Comics,-,183,86
102,Black Lightning,good,Male,brown,-,No Hair,DC Comics,-,185,90
103,Black Mamba,bad,Female,green,-,Black,Marvel Comics,-,170,52
104,Black Manta,bad,Male,black,Human,No Hair,DC Comics,-,188,92
105,Black Panther,good,Male,brown,Human,Black,Marvel Comics,-,183,90
106,Black Widow,good,Female,green,Human,Auburn,Marvel Comics,-,170,59
107,Black Widow II,good,Female,blue,-,Blond,Marvel Comics,-,170,61
108,Blackout,bad,Male,red,Demon,White,Marvel Comics,white,191,104
109,Blackwing,bad,Male,blue,-,Black,Marvel Comics,-,185,86
110,Blackwulf,-,Male,red,Alien,White,Marvel Comics,-,188,88
111,Blade,good,Male,brown,Vampire,Black,Marvel Comics,-,188,97
112,Blaquesmith,good,-,black,-,No Hair,Marvel Comics,-,-99,-99
113,Bling!,good,Female,-,-,-,Marvel Comics,-,168,68
114,Blink,good,Female,green,Mutant,Magenta,Marvel Comics,pink,165,56
115,Blizzard,bad,Male,-,-,-,Marvel Comics,-,-99,-99
116,Blizzard,bad,Male,-,-,Brown,Marvel Comics,-,-99,-99
117,Blizzard II,bad,Male,brown,-,Brown,Marvel Comics,-,175,77
118,Blob,bad,Male,brown,-,Brown,Marvel Comics,-,178,230
119,Bloodaxe,bad,Female,blue,Human,Brown,Marvel Comics,-,218,495
120,Bloodhawk,good,Male,black,Mutant,No Hair,Marvel Comics,-,-99,-99
121,Bloodwraith,bad,Male,white,-,No Hair,Marvel Comics,-,30.5,-99
122,Blue Beetle,good,Male,blue,-,Brown,DC Comics,-,-99,-99
123,Blue Beetle,good,Male,-,-,-,DC Comics,-,-99,-99
124,Blue Beetle II,good,Male,blue,-,Brown,DC Comics,-,183,86
125,Blue Beetle III,good,Male,brown,Human,Black,DC Comics,-,-99,-99
126,Boba Fett,bad,Male,brown,Human / Clone,Black,George Lucas,-,183,-99
127,Bolt,good,Male,-,-,-,Marvel Comics,-,-99,-99
128,Bomb Queen,bad,Female,-,-,-,Image Comics,-,-99,-99
129,Boom-Boom,good,Female,blue,Mutant,Blond,Marvel Comics,-,165,55
130,Boomer,good,Female,-,-,-,Marvel Comics,-,-99,-99
131,Booster Gold,good,Male,blue,Human,Blond,DC Comics,-,196,97
132,Box,good,Male,-,-,-,Marvel Comics,-,-99,-99
133,Box III,good,-,blue,-,Blond,Marvel Comics,-,193,110
134,Box IV,good,-,brown,-,Brown / Black,Marvel Comics,-,-99,-99
135,Brainiac,bad,Male,green,Android,No Hair,DC Comics,green,198,135
136,Brainiac 5,good,Male,green,-,Blond,DC Comics,-,170,61
137,Brother Voodoo,good,Male,brown,Human,Brown / White,Marvel Comics,-,183,99
138,Brundlefly,-,Male,-,Mutant,-,,-,193,-99
139,Buffy,good,Female,green,Human,Blond,Dark Horse Comics,-,157,52
140,Bullseye,bad,Male,blue,Human,blond,Marvel Comics,-,183,90
141,Bumblebee,good,Female,brown,Human,Black,DC Comics,-,170,59
142,Bumbleboy,good,Male,-,-,-,Marvel Comics,-,-99,-99
143,Bushido,good,Male,-,Human,-,DC Comics,-,-99,-99
144,Cable,good,Male,blue,Mutant,White,Marvel Comics,-,203,158
145,Callisto,bad,Female,blue,-,Black,Marvel Comics,-,175,74
146,Cameron Hicks,good,Male,-,Alpha,-,SyFy,-,-99,-99
147,Cannonball,good,Male,blue,-,Blond,Marvel Comics,-,183,81
148,Captain America,good,Male,blue,Human,blond,Marvel Comics,-,188,108
149,Captain Atom,good,Male,blue,Human / Radiation,Silver,DC Comics,silver,193,90
150,Captain Britain,good,Male,blue,Human,Blond,Marvel Comics,-,198,116
151,Captain Cold,neutral,Male,brown,Human,Brown,DC Comics,-,-99,-99
152,Captain Epic,good,Male,blue,-,Brown,Team Epic TV,-,188,-99
153,Captain Hindsight,good,Male,-,Human,Black,South Park,-,-99,-99
154,Captain Mar-vell,good,Male,blue,-,Blond,Marvel Comics,-,188,108
155,Captain Marvel,good,Female,blue,Human-Kree,Blond,Marvel Comics,-,180,74
156,Captain Marvel,good,Male,blue,Human,Black,DC Comics,-,193,101
157,Captain Marvel II,good,Male,blue,Human,Black,DC Comics,-,175,74
158,Captain Midnight,good,Male,-,Human,-,Dark Horse Comics,-,-99,-99
159,Captain Planet,good,Male,red,God / Eternal,Green,Marvel Comics,-,-99,-99
160,Captain Universe,good,-,-,God / Eternal,-,Marvel Comics,-,-99,-99
161,Carnage,bad,Male,green,Symbiote,Red,Marvel Comics,-,185,86
162,Cat,good,Female,blue,-,Blond,Marvel Comics,-,173,61
163,Cat II,good,Female,-,-,-,Marvel Comics,-,-99,-99
164,Catwoman,good,Female,green,Human,Black,DC Comics,-,175,61
165,Cecilia Reyes,good,-,brown,-,Brown,Marvel Comics,-,170,62
166,Century,good,Male,white,Alien,White,Marvel Comics,grey,201,97
167,Cerebra,good,Female,-,Mutant,-,Marvel Comics,-,-99,-99
168,Chamber,good,Male,brown,Mutant,Brown,Marvel Comics,-,175,63
169,Chameleon,bad,Male,-,-,-,DC Comics,-,-99,-99
170,Changeling,bad,Male,brown,-,Black,Marvel Comics,-,180,81
171,Cheetah,bad,Female,green,Human,Blond,DC Comics,-,163,50
172,Cheetah II,bad,Female,green,Human,Brown,DC Comics,-,170,55
173,Cheetah III,bad,Female,brown,Human,Brown,DC Comics,-,175,54
174,Chromos,bad,Male,brown,-,Red / Grey,Team Epic TV,-,185,86
175,Chuck Norris,good,Male,-,-,-,,-,178,-99
176,Citizen Steel,good,Male,green,Human,Red,DC Comics,-,183,170
177,Claire Bennet,good,Female,blue,-,Blond,NBC - Heroes,-,-99,-99
178,Clea,good,-,-,-,White,Marvel Comics,-,-99,-99
179,Cloak,good,Male,brown,-,black,Marvel Comics,-,226,70
180,Clock King,bad,Male,blue,Human,Black,DC Comics,-,178,78
181,Cogliostro,bad,Male,-,-,-,Image Comics,-,-99,-99
182,Colin Wagner,good,Male,grey,-,Brown,HarperCollins,-,-99,-99
183,Colossal Boy,good,Male,-,-,-,DC Comics,-,-99,-99
184,Colossus,good,Male,silver,Mutant,Black,Marvel Comics,-,226,225
185,Copycat,neutral,Female,red,Mutant,White,Marvel Comics,blue,183,67
186,Corsair,good,Male,brown,-,Brown,Marvel Comics,-,191,79
187,Cottonmouth,bad,Male,brown,Human,Black,Marvel Comics,-,183,99
188,Crimson Crusader,good,Male,blue,-,Strawberry Blond,Marvel Comics,-,-99,-99
189,Crimson Dynamo,good,Male,brown,-,No Hair,Marvel Comics,-,180,104
190,Crystal,good,Female,green,Inhuman,Red,Marvel Comics,-,168,50
191,Curse,bad,Male,-,-,-,Image Comics,-,-99,-99
192,Cy-Gor,bad,Male,-,-,-,Image Comics,-,-99,-99
193,Cyborg,good,Male,brown,Cyborg,Black,DC Comics,-,198,173
194,Cyborg Superman,bad,Male,blue,Cyborg,Black,DC Comics,-,-99,-99
195,Cyclops,good,Male,brown,Mutant,Brown,Marvel Comics,-,191,88
196,Cypher,good,-,blue,-,Blond,Marvel Comics,-,175,68
197,Dagger,good,Female,blue,-,Blond,Marvel Comics,-,165,52
198,Danny Cooper,good,Male,brown,-,Blond,HarperCollins,-,-99,-99
199,Daphne Powell,good,Female,-,-,-,ABC Studios,-,-99,-99
200,Daredevil,good,Male,blue,Human,Red,Marvel Comics,-,183,90
201,Darkhawk,good,Male,brown,Human,Brown,Marvel Comics,-,185,81
202,Darkman,good,Male,-,-,-,Universal Studios,-,-99,-99
203,Darkseid,bad,Male,red,New God,No Hair,DC Comics,grey,267,817
204,Darkside,bad,-,-,-,-,,-,-99,-99
205,Darkstar,good,Female,brown,Mutant,Blond,Marvel Comics,-,168,56
206,Darth Maul,bad,Male,yellow / red,Dathomirian Zabrak,-,George Lucas,red / black,170,-99
207,Darth Vader,bad,Male,yellow,Cyborg,No Hair,George Lucas,-,198,135
208,Dash,good,Male,blue,Human,Blond,Dark Horse Comics,-,122,27
209,Data,good,Male,yellow,Android,Brown,Star Trek,-,-99,-99
210,Dazzler,good,Female,blue,Mutant,Blond,Marvel Comics,-,173,52
211,Deadman,good,Male,blue,Human,Black,DC Comics,-,183,90
212,Deadpool,neutral,Male,brown,Mutant,No Hair,Marvel Comics,-,188,95
213,Deadshot,bad,Male,brown,Human,Brown,DC Comics,-,185,91
214,Deathlok,good,Male,brown,Cyborg,Grey,Marvel Comics,-,193,178
215,Deathstroke,neutral,Male,blue,Human,White,DC Comics,-,193,101
216,Demogoblin,bad,Male,red,Demon,No Hair,Marvel Comics,-,185,95
217,Destroyer,bad,Male,-,-,-,Marvel Comics,-,188,383
218,Diamondback,bad,Male,brown,Human,Black,Marvel Comics,-,193,90
219,DL Hawkins,good,Male,-,-,-,NBC - Heroes,-,-99,-99
220,Doc Samson,good,Male,blue,Human / Radiation,Green,Marvel Comics,-,198,171
221,Doctor Doom,bad,Male,brown,Human,Brown,Marvel Comics,-,201,187
222,Doctor Doom II,bad,Male,brown,-,Brown,Marvel Comics,-,201,132
223,Doctor Fate,good,Male,blue,Human,Blond,DC Comics,-,188,89
224,Doctor Octopus,bad,Male,brown,Human,Brown,Marvel Comics,-,175,110
225,Doctor Strange,good,Male,grey,Human,Black,Marvel Comics,-,188,81
226,Domino,good,Female,blue,Human,Black,Marvel Comics,white,173,54
227,Donatello,good,Male,green,Mutant,No Hair,IDW Publishing,green,-99,-99
228,Donna Troy,good,Female,blue,Amazon,Black,DC Comics,-,175,63
229,Doomsday,bad,Male,red,Alien,White,DC Comics,-,244,412
230,Doppelganger,bad,Male,white,-,No Hair,Marvel Comics,-,196,104
231,Dormammu,bad,Male,yellow,-,No Hair,Marvel Comics,-,185,-99
232,Dr Manhattan,good,Male,white,Human / Cosmic,No Hair,DC Comics,blue,-99,-99
233,Drax the Destroyer,good,Male,red,Human / Altered,No Hair,Marvel Comics,green,193,306
234,Ego,bad,-,-,-,-,Marvel Comics,-,-99,-99
235,Elastigirl,good,Female,brown,Human,Brown,Dark Horse Comics,-,168,56
236,Electro,bad,Male,blue,Human,Auburn,Marvel Comics,-,180,74
237,Elektra,good,Female,blue,Human,Black,Marvel Comics,-,175,59
238,Elle Bishop,bad,Female,blue,-,Blond,NBC - Heroes,-,-99,-99
239,Elongated Man,good,Male,blue,-,Red,DC Comics,-,185,80
240,Emma Frost,good,Female,blue,-,Blond,Marvel Comics,-,178,65
241,Enchantress,good,Female,blue,Human,Blond,DC Comics,-,168,57
242,Energy,good,Female,-,-,-,HarperCollins,-,-99,-99
243,ERG-1,good,Male,-,-,-,DC Comics,-,-99,-99
244,Ethan Hunt,good,Male,brown,Human,Brown,,-,168,-99
245,Etrigan,neutral,Male,red,Demon,No Hair,DC Comics,yellow,193,203
246,Evil Deadpool,bad,Male,white,Mutant,Red,Marvel Comics,-,188,95
247,Evilhawk,bad,Male,red,Alien,Black,Marvel Comics,green,191,106
248,Exodus,bad,Male,blue,Mutant,Black,Marvel Comics,red,183,88
249,Fabian Cortez,bad,-,blue,-,Brown,Marvel Comics,-,196,96
250,Falcon,good,Male,brown,Human,Black,Marvel Comics,-,188,108
251,Fallen One II,bad,Male,black,-,Blue,Marvel Comics,-,-99,-99
252,Faora,bad,Female,-,Kryptonian,-,DC Comics,-,-99,-99
253,Feral,good,-,yellow (without irises),-,Orange / White,Marvel Comics,-,175,50
254,Fighting Spirit,good,Female,-,-,Red,DC Comics,-,-99,-99
255,Fin Fang Foom,good,Male,red,Kakarantharaian,No Hair,Marvel Comics,green,975,18
256,Firebird,good,Female,brown,-,Black,Marvel Comics,-,165,56
257,Firelord,good,-,white,-,Yellow,Marvel Comics,-,193,99
258,Firestar,good,Female,green,Mutant,Red,Marvel Comics,-,173,56
259,Firestorm,good,Male,brown,-,Black,DC Comics,-,-99,-99
260,Firestorm,good,Male,blue,Human,Auburn,DC Comics,-,188,91
261,Fixer,bad,-,red,-,No Hair,Marvel Comics,-,-99,-99
262,Flash,good,Male,blue,Human,Brown / White,DC Comics,-,180,81
263,Flash Gordon,good,Male,-,-,-,,-,-99,-99
264,Flash II,good,Male,blue,Human,Blond,DC Comics,-,183,88
265,Flash III,good,Male,-,Human,-,DC Comics,-,183,86
266,Flash IV,good,Male,yellow,Human,Auburn,DC Comics,-,157,52
267,Forge,good,-,brown,-,Black,Marvel Comics,-,183,81
268,Franklin Richards,good,Male,blue,Mutant,Blond,Marvel Comics,-,142,45
269,Franklin Storm,good,-,blue,-,Grey,Marvel Comics,-,188,92
270,Frenzy,bad,Female,brown,-,Black,Marvel Comics,-,211,104
271,Frigga,good,Female,blue,-,White,Marvel Comics,-,180,167
272,Galactus,neutral,Male,black,Cosmic Entity,Black,Marvel Comics,-,876,16
273,Gambit,good,Male,red,Mutant,Brown,Marvel Comics,-,185,81
274,Gamora,good,Female,yellow,Zen-Whoberian,Black,Marvel Comics,green,183,77
275,Garbage Man,good,Male,-,Mutant,-,DC Comics,-,-99,-99
276,Gary Bell,good,Male,-,Alpha,-,SyFy,-,-99,-99
277,General Zod,bad,Male,black,Kryptonian,Black,DC Comics,-,-99,-99
278,Genesis,good,Male,blue,-,Blond,Marvel Comics,-,185,86
279,Ghost Rider,good,Male,red,Demon,No Hair,Marvel Comics,-,188,99
280,Ghost Rider II,good,-,-,-,-,Marvel Comics,-,-99,-99
281,Giant-Man,good,Male,-,Human,-,Marvel Comics,-,-99,-99
282,Giant-Man II,good,Male,-,-,-,Marvel Comics,-,-99,-99
283,Giganta,bad,Female,green,-,Red,DC Comics,-,62.5,630
284,Gladiator,neutral,Male,blue,Strontian,Blue,Marvel Comics,purple,198,268
285,Goblin Queen,bad,Female,green,-,Red,Marvel Comics,-,168,50
286,Godzilla,bad,-,-,Kaiju,-,,grey,108,
287,Gog,bad,Male,-,-,-,DC Comics,-,-99,-99
288,Goku,good,Male,-,Saiyan,-,Shueisha,-,175,62
289,Goliath,good,Male,-,-,-,Marvel Comics,-,-99,-99
290,Goliath,good,Male,-,Human,-,Marvel Comics,-,-99,-99
291,Goliath,good,Male,-,Human,-,Marvel Comics,-,-99,-99
292,Goliath IV,good,Male,brown,-,Black,Marvel Comics,-,183,90
293,Gorilla Grodd,bad,Male,yellow,Gorilla,Black,DC Comics,-,198,270
294,Granny Goodness,bad,Female,blue,-,White,DC Comics,-,178,115
295,Gravity,good,Male,blue,Human,Brown,Marvel Comics,-,178,79
296,Greedo,bad,Male,purple,Rodian,-,George Lucas,green,170,-99
297,Green Arrow,good,Male,green,Human,Blond,DC Comics,-,188,88
298,Green Goblin,bad,Male,blue,Human,Auburn,Marvel Comics,-,180,83
299,Green Goblin II,bad,Male,blue,-,Auburn,Marvel Comics,-,178,77
300,Green Goblin III,good,Male,-,-,-,Marvel Comics,-,183,88
301,Green Goblin IV,good,Male,green,-,Brown,Marvel Comics,-,178,79
302,Groot,good,Male,yellow,Flora Colossus,-,Marvel Comics,-,701,4
303,Guardian,good,Male,brown,Human,Black,Marvel Comics,-,-99,-99
304,Guy Gardner,good,Male,blue,Human-Vuldarian,Red,DC Comics,-,188,95
305,Hal Jordan,good,Male,brown,Human,Brown,DC Comics,-,188,90
306,Han Solo,good,Male,brown,Human,Brown,George Lucas,-,183,79
307,Hancock,good,Male,brown,Human,Black,Sony Pictures,-,188,-99
308,Harley Quinn,bad,Female,blue,Human,Blond,DC Comics,-,170,63
309,Harry Potter,good,Male,green,Human,Black,J. K. Rowling,-,-99,-99
310,Havok,good,Male,blue,Mutant,Blond,Marvel Comics,-,183,79
311,Hawk,good,Male,red,-,Brown,DC Comics,-,185,89
312,Hawkeye,good,Male,blue,Human,Blond,Marvel Comics,-,191,104
313,Hawkeye II,good,Female,blue,Human,Black,Marvel Comics,-,165,57
314,Hawkgirl,good,Female,green,-,Red,DC Comics,-,175,61
315,Hawkman,good,Male,blue,-,Brown,DC Comics,-,185,88
316,Hawkwoman,good,Female,green,-,Red,DC Comics,-,175,54
317,Hawkwoman II,good,Female,-,-,-,DC Comics,-,-99,-99
318,Hawkwoman III,good,Female,blue,-,Red,DC Comics,-,170,65
319,Heat Wave,bad,Male,blue,Human,No Hair,DC Comics,-,180,81
320,Hela,bad,Female,green,Asgardian,Black,Marvel Comics,-,213,225
321,Hellboy,good,Male,gold,Demon,Black,Dark Horse Comics,-,259,158
322,Hellcat,good,Female,blue,Human,Red,Marvel Comics,-,173,61
323,Hellstorm,good,Male,red,-,Red,Marvel Comics,-,185,81
324,Hercules,good,Male,blue,Demi-God,Brown,Marvel Comics,-,196,146
325,Hiro Nakamura,good,Male,-,-,-,NBC - Heroes,-,-99,-99
326,Hit-Girl,good,Female,-,Human,-,Icon Comics,-,-99,-99
327,Hobgoblin,bad,Male,blue,-,Grey,Marvel Comics,-,180,83
328,Hollow,good,Female,blue,-,Red,Marvel Comics,-,170,-99
329,Hope Summers,good,Female,green,-,Red,Marvel Comics,-,168,48
330,Howard the Duck,good,Male,brown,-,Yellow,Marvel Comics,-,79,18
331,Hulk,good,Male,green,Human / Radiation,Green,Marvel Comics,green,244,630
332,Human Torch,good,Male,blue,Human / Radiation,Blond,Marvel Comics,-,178,77
333,Huntress,good,Female,blue,-,Black,DC Comics,-,180,59
334,Husk,good,Female,blue,Mutant,Blond,Marvel Comics,-,170,58
335,Hybrid,good,Male,brown,Symbiote,Black,Marvel Comics,-,175,77
336,Hydro-Man,bad,Male,brown,-,Brown,Marvel Comics,-,188,119
337,Hyperion,good,Male,blue,Eternal,Red,Marvel Comics,-,183,207
338,Iceman,good,Male,brown,Mutant,Brown,Marvel Comics,-,173,65
339,Impulse,good,Male,yellow,Human,Auburn,DC Comics,-,170,65
340,Indiana Jones,good,Male,-,Human,-,George Lucas,-,183,79
341,Indigo,neutral,Female,-,Alien,Purple,DC Comics,-,-99,-99
342,Ink,good,Male,blue,Mutant,No Hair,Marvel Comics,-,180,81
343,Invisible Woman,good,Female,blue,Human / Radiation,Blond,Marvel Comics,-,168,54
344,Iron Fist,good,Male,blue,Human,Blond,Marvel Comics,-,180,79
345,Iron Man,good,Male,blue,Human,Black,Marvel Comics,-,198,191
346,Iron Monger,bad,Male,blue,-,No Hair,Marvel Comics,-,-99,2
347,Isis,good,Female,-,-,-,DC Comics,-,-99,-99
348,Jack Bauer,good,Male,-,-,-,,-,-99,-99
349,Jack of Hearts,good,Male,blue / white,Human,Brown,Marvel Comics,-,155,79
350,Jack-Jack,good,Male,blue,Human,Brown,Dark Horse Comics,-,71,14
351,James Bond,good,Male,blue,Human,Blond,Titan Books,-,183,-99
352,James T. Kirk,good,Male,hazel,Human,Brown,Star Trek,-,178,77
353,Jar Jar Binks,good,Male,yellow,Gungan,-,George Lucas,orange / white,193,-99
354,Jason Bourne,good,Male,-,Human,-,,-,-99,-99
355,Jean Grey,good,Female,green,Mutant,Red,Marvel Comics,-,168,52
356,Jean-Luc Picard,good,Male,-,Human,-,Star Trek,-,-99,-99
357,Jennifer Kale,good,Female,blue,-,Blond,Marvel Comics,-,168,55
358,Jesse Quick,good,Female,-,Human,-,DC Comics,-,-99,-99
359,Jessica Cruz,good,Female,green,Human,Brown,DC Comics,-,-99,-99
360,Jessica Jones,good,Female,brown,Human,Brown,Marvel Comics,-,170,56
361,Jessica Sanders,good,Female,-,-,-,NBC - Heroes,-,-99,-99
362,Jigsaw,bad,Male,blue,-,Black,Marvel Comics,-,188,113
363,Jim Powell,good,Male,-,-,-,ABC Studios,-,-99,-99
364,JJ Powell,good,Male,-,-,-,ABC Studios,-,-99,-99
365,Johann Krauss,good,Male,-,-,-,Dark Horse Comics,-,-99,-99
366,John Constantine,good,Male,blue,Human,Blond,DC Comics,-,183,-99
367,John Stewart,good,Male,green,Human,Black,DC Comics,-,185,90
368,John Wraith,good,Male,brown,-,Black,Marvel Comics,-,183,88
369,Joker,bad,Male,green,Human,Green,DC Comics,white,196,86
370,Jolt,good,Female,blue,-,Black,Marvel Comics,-,165,49
371,Jubilee,good,Female,red,Mutant,Black,Marvel Comics,-,165,52
372,Judge Dredd,good,Male,-,Human,-,Rebellion,-,188,-99
373,Juggernaut,neutral,Male,blue,Human,Red,Marvel Comics,-,287,855
374,Junkpile,bad,Male,-,Mutant,-,Marvel Comics,-,-99,-99
375,Justice,good,Male,hazel,Human,Brown,Marvel Comics,-,178,81
376,Jyn Erso,good,Female,green,Human,Brown,George Lucas,-,-99,-99
377,K-2SO,good,Male,white,Android,No Hair,George Lucas,gray,213,-99
378,Kang,bad,Male,brown,-,Brown,Marvel Comics,-,191,104
379,Karate Kid,good,Male,brown,Human,Brown,DC Comics,-,173,72
380,Kathryn Janeway,good,Female,-,Human,-,Star Trek,-,-99,-99
381,Katniss Everdeen,good,Female,-,Human,-,,-,-99,-99
382,Kevin 11,good,Male,-,Human,Black,DC Comics,-,-99,-99
383,Kick-Ass,good,Male,blue,Human,Blond,Icon Comics,-,-99,-99
384,Kid Flash,good,Male,green,Human,Red,DC Comics,-,-99,-99
385,Kid Flash II,good,Male,-,-,-,DC Comics,-,-99,-99
386,Killer Croc,bad,Male,red,Metahuman,No Hair,DC Comics,green,244,356
387,Killer Frost,bad,Female,blue,Human,Blond,DC Comics,blue,-99,-99
388,Kilowog,good,Male,red,Bolovaxian,No Hair,DC Comics,pink,234,324
389,King Kong,good,Male,yellow,Animal,Black,,-,30.5,
390,King Shark,bad,Male,black,Animal,No Hair,DC Comics,-,-99,-99
391,Kingpin,bad,Male,blue,Human,No Hair,Marvel Comics,-,201,203
392,Klaw,bad,Male,red,Human,No Hair,Marvel Comics,red,188,97
393,Kool-Aid Man,good,Male,black,-,No Hair,,red,-99,-99
394,Kraven II,bad,Male,brown,Human,Black,Marvel Comics,-,191,99
395,Kraven the Hunter,bad,Male,brown,Human,Black,Marvel Comics,-,183,106
396,Krypto,good,Male,blue,Kryptonian,White,DC Comics,-,64,18
397,Kyle Rayner,good,Male,green,Human,Black,DC Comics,-,180,79
398,Kylo Ren,bad,Male,-,Human,-,George Lucas,-,-99,-99
399,Lady Bullseye,bad,Female,-,-,Black,Marvel Comics,-,-99,-99
400,Lady Deathstrike,bad,Female,brown,Cyborg,Black,Marvel Comics,-,175,58
401,Leader,bad,Male,green,-,No Hair,Marvel Comics,-,178,63
402,Leech,good,Male,-,-,-,Marvel Comics,-,-99,-99
403,Legion,good,Male,green / blue,Mutant,Black,Marvel Comics,-,175,59
404,Leonardo,good,Male,blue,Mutant,No Hair,IDW Publishing,green,-99,-99
405,Lex Luthor,bad,Male,green,Human,No Hair,DC Comics,-,188,95
406,Light Lass,good,Female,blue,-,Red,DC Comics,-,165,54
407,Lightning Lad,good,Male,blue,-,Red,DC Comics,-,155,65
408,Lightning Lord,bad,Male,blue,-,Red,DC Comics,-,191,95
409,Living Brain,bad,-,yellow,-,-,Marvel Comics,-,198,360
410,Living Tribunal,neutral,-,blue,Cosmic Entity,No Hair,Marvel Comics,gold,-99,-99
411,Liz Sherman,good,Female,-,-,-,Dark Horse Comics,-,-99,-99
412,Lizard,bad,Male,red,Human,No Hair,Marvel Comics,-,203,230
413,Lobo,neutral,Male,red,Czarnian,Black,DC Comics,blue-white,229,288
414,Loki,bad,Male,green,Asgardian,Black,Marvel Comics,-,193,236
415,Longshot,good,Male,blue,Human,Blond,Marvel Comics,-,188,36
416,Luke Cage,good,Male,brown,Human,Black,Marvel Comics,-,198,191
417,Luke Campbell,bad,Male,-,-,-,NBC - Heroes,-,-99,-99
418,Luke Skywalker,good,Male,blue,Human,Blond,George Lucas,-,168,77
419,Luna,good,Female,-,Human,-,Marvel Comics,-,-99,-99
420,Lyja,good,Female,green,-,Green,Marvel Comics,-,-99,-99
421,Mach-IV,bad,Male,brown,-,Brown,Marvel Comics,-,180,79
422,Machine Man,good,-,red,-,Black,Marvel Comics,-,183,383
423,Magneto,bad,Male,grey,Mutant,White,Marvel Comics,-,188,86
424,Magog,good,Male,blue,-,Blond,DC Comics,-,-99,-99
425,Magus,bad,Male,black,-,-,Marvel Comics,-,183,-99
426,Man of Miracles,-,-,blue,God / Eternal,Silver,Image Comics,-,-99,-99
427,Man-Bat,neutral,Male,brown,Human,Brown,DC Comics,-,-99,-99
428,Man-Thing,good,Male,red,-,No Hair,Marvel Comics,green,213,225
429,Man-Wolf,good,Male,brown,-,Auburn,Marvel Comics,-,188,90
430,Mandarin,bad,Male,blue,Human,White,Marvel Comics,-,188,97
431,Mantis,good,Female,green,Human-Kree,Black,Marvel Comics,green,168,52
432,Martian Manhunter,good,Male,red,Martian,No Hair,DC Comics,green,201,135
433,Marvel Girl,good,Female,green,-,Red,Marvel Comics,-,170,56
434,Master Brood,good,Male,blue,-,Black,Team Epic TV,-,183,81
435,Master Chief,good,Male,brown,Human / Altered,Brown,Microsoft,-,213,-99
436,Match,bad,Male,black,-,Black,DC Comics,-,-99,-99
437,Matt Parkman,good,Male,-,-,-,NBC - Heroes,-,-99,-99
438,Maverick,good,Male,blue,-,Black,Marvel Comics,-,193,110
439,Maxima,bad,Female,brown,-,Red,DC Comics,-,180,72
440,Maya Herrera,good,Female,-,-,-,NBC - Heroes,-,-99,-99
441,Medusa,good,Female,green,Inhuman,Red,Marvel Comics,-,180,59
442,Meltdown,good,Female,blue,-,Blond,Marvel Comics,-,165,54
443,Mephisto,bad,Male,white,-,Black,Marvel Comics,-,198,140
444,Mera,good,Female,blue,Atlantean,Red,DC Comics,-,175,72
445,Metallo,bad,Male,green,Android,Brown,DC Comics,-,196,90
446,Metamorpho,good,Male,black,-,No Hair,DC Comics,-,185,90
447,Meteorite,good,Female,-,-,-,Marvel Comics,-,-99,-99
448,Metron,good,Male,blue,-,Black,DC Comics,-,185,86
449,Micah Sanders,good,Male,brown,-,Black,NBC - Heroes,-,-99,-99
450,Michelangelo,good,Male,blue,Mutant,-,IDW Publishing,green,-99,-99
451,Micro Lad,good,Male,grey,-,Brown,DC Comics,-,183,77
452,Mimic,good,Male,brown,-,Brown,Marvel Comics,-,188,101
453,Minna Murray,good,Female,-,-,-,Wildstorm,-,-99,-99
454,Misfit,good,Female,blue,-,Red,DC Comics,-,-99,-99
455,Miss Martian,good,Female,red,-,Red,DC Comics,-,178,61
456,Mister Fantastic,good,Male,brown,Human / Radiation,Brown,Marvel Comics,-,185,81
457,Mister Freeze,bad,Male,-,Human,-,DC Comics,-,183,86
458,Mister Knife,bad,Male,blue,Spartoi,Brown,Marvel Comics,-,-99,-99
459,Mister Mxyzptlk,bad,Male,-,God / Eternal,-,DC Comics,-,-99,-99
460,Mister Sinister,bad,Male,red,Human / Altered,Black,Marvel Comics,-,196,128
461,Mister Zsasz,bad,Male,blue,Human,Blond,DC Comics,-,-99,-99
462,Mockingbird,good,Female,blue,Human,Blond,Marvel Comics,-,175,61
463,MODOK,bad,Male,white,Cyborg,Brownn,Marvel Comics,-,366,338
464,Mogo,good,Male,-,Planet,-,DC Comics,-,-99,-99
465,Mohinder Suresh,good,Male,-,-,-,NBC - Heroes,-,-99,-99
466,Moloch,bad,Male,-,-,-,DC Comics,-,-99,-99
467,Molten Man,bad,Male,gold,-,Gold,Marvel Comics,-,196,248
468,Monarch,good,Male,blue,-,White,DC Comics,-,193,90
469,Monica Dawson,good,Female,-,-,-,NBC - Heroes,-,-99,-99
470,Moon Knight,good,Male,brown,Human,Brown,Marvel Comics,-,188,101
471,Moonstone,bad,Female,blue,-,Blond,Marvel Comics,-,180,59
472,Morlun,bad,Male,white / red,-,Black,Marvel Comics,-,188,79
473,Morph,good,Male,white,-,No Hair,Marvel Comics,-,178,79
474,Moses Magnum,bad,Male,brown,-,Black,Marvel Comics,-,175,72
475,Mr Immortal,good,Male,blue,Mutant,Blond,Marvel Comics,-,188,70
476,Mr Incredible,good,Male,blue,Human,Blond,Dark Horse Comics,-,201,158
477,Ms Marvel II,good,Female,blue,-,Red,Marvel Comics,-,173,61
478,Multiple Man,good,Male,blue,-,Brown,Marvel Comics,-,180,70
479,Mysterio,bad,Male,brown,Human,No Hair,Marvel Comics,-,180,79
480,Mystique,bad,Female,yellow (without irises),Mutant,Red / Orange,Marvel Comics,blue,178,54
481,Namor,good,Male,-,-,-,Marvel Comics,-,-99,-99
482,Namor,good,Male,grey,Atlantean,Black,Marvel Comics,-,188,125
483,Namora,good,Female,blue,-,Blond,Marvel Comics,-,180,85
484,Namorita,good,Female,blue,-,Blond,Marvel Comics,-,168,101
485,Naruto Uzumaki,good,Male,-,Human,-,Shueisha,-,168,54
486,Nathan Petrelli,good,Male,brown,-,-,NBC - Heroes,-,-99,-99
487,Nebula,bad,Female,blue,Luphomoid,No Hair,Marvel Comics,blue,185,83
488,Negasonic Teenage Warhead,good,Female,black,Mutant,Black,Marvel Comics,-,-99,-99
489,Nick Fury,good,Male,brown,Human,Brown / White,Marvel Comics,-,185,99
490,Nightcrawler,good,Male,yellow,-,Indigo,Marvel Comics,-,175,88
491,Nightwing,good,Male,blue,Human,Black,DC Comics,-,178,79
492,Niki Sanders,good,Female,blue,-,Blond,NBC - Heroes,-,-99,-99
493,Nina Theroux,good,Female,-,Alpha,-,SyFy,-,-99,-99
494,Nite Owl II,good,Male,-,-,-,DC Comics,-,-99,-99
495,Northstar,good,Male,blue,-,Black,Marvel Comics,-,180,83
496,Nova,good,Male,brown,Human,Brown,Marvel Comics,-,185,86
497,Nova,good,Female,white,Human / Cosmic,Red,Marvel Comics,gold,163,59
498,Odin,good,Male,blue,God / Eternal,White,Marvel Comics,-,206,293
499,Offspring,good,Male,-,-,-,DC Comics,-,-99,-99
500,Omega Red,bad,Male,red,-,Blond,Marvel Comics,-,211,191
501,Omniscient,good,Male,brown,-,Black,Team Epic TV,-,180,65
502,One Punch Man,good,Male,-,Human,No Hair,Shueisha,-,175,69
503,One-Above-All,neutral,-,-,Cosmic Entity,-,Marvel Comics,-,-99,-99
504,Onslaught,bad,Male,red,Mutant,No Hair,Marvel Comics,-,305,405
505,Oracle,good,Female,blue,Human,Red,DC Comics,-,178,59
506,Osiris,good,Male,brown,-,Brown,DC Comics,-,-99,-99
507,Overtkill,bad,Male,-,-,-,Image Comics,-,-99,-99
508,Ozymandias,bad,Male,blue,Human,Blond,DC Comics,-,-99,-99
509,Parademon,bad,-,-,Parademon,-,DC Comics,-,-99,-99
510,Paul Blart,good,Male,-,Human,-,Sony Pictures,-,170,117
511,Penance,good,-,-,-,-,Marvel Comics,-,-99,-99
512,Penance I,good,Female,-,-,-,Marvel Comics,-,-99,-99
513,Penance II,good,Male,blue,-,Blond,Marvel Comics,-,183,89
514,Penguin,bad,Male,blue,Human,Black,DC Comics,-,157,79
515,Peter Petrelli,good,Male,-,-,-,NBC - Heroes,-,-99,-99
516,Phantom,good,Male,-,-,-,DC Comics,-,-99,-99
517,Phantom Girl,good,Female,blue,-,Black,DC Comics,-,168,54
518,Phoenix,good,Female,green,Mutant,Red,Marvel Comics,-,168,52
519,Plantman,bad,Male,green,Mutant,Grey,Marvel Comics,-,183,87
520,Plastic Lad,good,Male,-,-,-,DC Comics,-,-99,-99
521,Plastic Man,good,Male,blue,Human,Black,DC Comics,-,185,80
522,Plastique,bad,Female,blue,-,Red,DC Comics,-,168,55
523,Poison Ivy,bad,Female,green,Human,Red,DC Comics,green,168,50
524,Polaris,good,Female,green,Mutant,Green,Marvel Comics,-,170,52
525,Power Girl,good,Female,blue,Kryptonian,blond,DC Comics,-,180,81
526,Power Man,good,Male,-,Mutant,-,Marvel Comics,-,-99,-99
527,Predator,bad,Male,-,Yautja,-,Dark Horse Comics,-,213,234
528,Professor X,good,Male,blue,Mutant,No Hair,Marvel Comics,-,183,86
529,Professor Zoom,bad,Male,blue,Human,Strawberry Blond,DC Comics,-,180,81
530,Proto-Goblin,bad,Male,green,-,Blond,Marvel Comics,-,-99,-99
531,Psylocke,good,Female,blue,Mutant,Purple,Marvel Comics,-,180,70
532,Punisher,good,Male,blue,Human,Black,Marvel Comics,-,183,90
533,Purple Man,bad,Male,purple,Human,Purple,Marvel Comics,purple,180,74
534,Pyro,bad,Male,blue,-,Blond,Marvel Comics,-,178,68
535,Q,-,Male,-,God / Eternal,-,Star Trek,-,-99,-99
536,Quantum,good,Male,-,-,-,HarperCollins,-,-99,-99
537,Question,good,Male,blue,Human,Blond,DC Comics,-,188,83
538,Quicksilver,good,Male,blue,Mutant,Silver,Marvel Comics,-,183,79
539,Quill,good,Male,brown,-,Brown,Marvel Comics,-,163,56
540,Ra's Al Ghul,bad,Male,green,Human,Grey,DC Comics,-,193,97
541,Rachel Pirzad,good,Female,-,Alpha,-,SyFy,-,-99,-99
542,Rambo,good,Male,brown,Human,Black,,-,178,83
543,Raphael,good,Male,-,Mutant,No Hair,IDW Publishing,green,-99,-99
544,Raven,neutral,Female,indigo,Human,Black,DC Comics,-,165,50
545,Ray,good,Male,green,Human,Red,DC Comics,-,178,70
546,Razor-Fist II,bad,Male,blue,-,No Hair,Marvel Comics,-,191,117
547,Red Arrow,good,Male,green,Human,Red,DC Comics,-,180,83
548,Red Hood,neutral,Male,blue,Human,Black,DC Comics,-,183,81
549,Red Hulk,neutral,Male,yellow,Human / Radiation,Black,Marvel Comics,red,213,630
550,Red Mist,bad,Male,-,-,-,Icon Comics,-,-99,-99
551,Red Robin,good,Male,blue,Human,Black,DC Comics,-,165,56
552,Red Skull,bad,Male,blue,-,No Hair,Marvel Comics,-,188,108
553,Red Tornado,good,Male,green,Android,No Hair,DC Comics,-,185,146
554,Redeemer II,bad,Male,-,-,-,Image Comics,-,-99,-99
555,Redeemer III,bad,Male,-,-,-,Image Comics,-,-99,-99
556,Renata Soliz,good,Female,-,-,-,HarperCollins,-,-99,-99
557,Rey,good,Female,hazel,Human,Brown,George Lucas,-,297,-99
558,Rhino,bad,Male,brown,Human / Radiation,Brown,Marvel Comics,-,196,320
559,Rick Flag,bad,Male,blue,-,Brown,DC Comics,-,185,85
560,Riddler,bad,Male,-,-,-,DC Comics,-,-99,-99
561,Rip Hunter,good,Male,blue,Human,Blond,DC Comics,-,-99,-99
562,Ripcord,good,Female,green,-,Black,Marvel Comics,-,180,72
563,Robin,good,Male,blue,Human,Black,DC Comics,-,178,79
564,Robin II,good,Male,blue,Human,Red,DC Comics,-,183,101
565,Robin III,good,Male,blue,Human,Black,DC Comics,-,165,56
566,Robin V,good,Male,blue,Human,Black,DC Comics,-,137,38
567,Robin VI,neutral,Female,green,Human,Red,DC Comics,-,-99,-99
568,Rocket Raccoon,good,Male,brown,Animal,Brown,Marvel Comics,-,122,25
569,Rogue,good,Female,green,-,Brown / White,Marvel Comics,-,173,54
570,Ronin,good,Male,blue,Human,Blond,Marvel Comics,-,191,104
571,Rorschach,good,Male,blue,Human,Red,DC Comics,-,168,63
572,Sabretooth,bad,Male,amber,Mutant,Blond,Marvel Comics,-,198,171
573,Sage,good,Female,blue,-,Black,Marvel Comics,-,170,61
574,Sandman,neutral,Male,brown,Human,Brown,Marvel Comics,-,185,203
575,Sasquatch,good,Male,red,-,Orange,Marvel Comics,-,305,900
576,Sauron,bad,Male,-,Maiar,-,J. R. R. Tolkien,-,279,-99
577,Savage Dragon,good,Male,-,-,-,Image Comics,-,-99,-99
578,Scarecrow,bad,Male,blue,Human,Brown,DC Comics,-,183,63
579,Scarlet Spider,good,Male,blue,Human,Blond,Marvel Comics,-,178,74
580,Scarlet Spider II,good,Male,brown,Clone,Brown,Marvel Comics,-,193,113
581,Scarlet Witch,bad,Female,blue,Mutant,Brown,Marvel Comics,-,170,59
582,Scorpia,bad,Female,green,-,Red,Marvel Comics,-,-99,-99
583,Scorpion,bad,Male,brown,Human,Brown,Marvel Comics,-,211,310
584,Sebastian Shaw,bad,Male,-,Mutant,-,Marvel Comics,-,-99,-99
585,Sentry,neutral,Male,blue,Mutant,Blond,Marvel Comics,-,188,87
586,Shadow King,good,-,red,-,-,Marvel Comics,-,185,149
587,Shadow Lass,good,Female,black,Talokite,Black,DC Comics,blue,173,54
588,Shadowcat,good,Female,hazel,Mutant,Brown,Marvel Comics,-,168,50
589,Shang-Chi,good,Male,brown,Human,Black,Marvel Comics,-,178,79
590,Shatterstar,good,Male,brown,-,Red,Marvel Comics,-,191,88
591,She-Hulk,good,Female,green,Human,Green,Marvel Comics,-,201,315
592,She-Thing,good,Female,blue,Human / Radiation,No Hair,Marvel Comics,-,183,153
593,Shocker,bad,Male,brown,Human,Brown,Marvel Comics,-,175,79
594,Shriek,good,Female,yellow / blue,-,Black,Marvel Comics,-,173,52
595,Shrinking Violet,good,Female,-,-,-,DC Comics,-,-99,-99
596,Sif,good,Female,blue,Asgardian,Black,Marvel Comics,-,188,191
597,Silk,good,Female,brown,Human,Black,Marvel Comics,-,-99,-99
598,Silk Spectre,good,Female,-,-,-,DC Comics,-,-99,-99
599,Silk Spectre II,good,Female,-,-,-,DC Comics,-,-99,-99
600,Silver Surfer,good,Male,white,Alien,No Hair,Marvel Comics,silver,193,101
601,Silverclaw,good,Female,brown,-,Black,Marvel Comics,-,157,50
602,Simon Baz,good,Male,bown,Human,Black,DC Comics,-,-99,-99
603,Sinestro,neutral,Male,black,Korugaran,Black,DC Comics,red,201,92
604,Siren,bad,Female,blue,Atlantean,Purple,DC Comics,-,175,72
605,Siren II,bad,Female,black,-,-,DC Comics,-,-99,-99
606,Siryn,bad,Female,blue,-,Strawberry Blond,Marvel Comics,-,168,52
607,Skaar,good,Male,green,-,Black,Marvel Comics,-,198,180
608,Snake-Eyes,bad,Male,-,Animal,-,Marvel Comics,-,-99,-99
609,Snowbird,good,Female,white,-,Blond,Marvel Comics,-,178,49
610,Sobek,good,Male,white,-,No Hair,DC Comics,-,-99,-99
611,Solomon Grundy,bad,Male,black,Zombie,White,DC Comics,-,279,437
612,Songbird,good,Female,green,-,Red / White,Marvel Comics,-,165,65
613,Space Ghost,good,Male,-,Human,-,DC Comics,-,188,113
614,Spawn,good,Male,brown,Demon,Black,Image Comics,-,211,405
615,Spectre,good,Male,white,God / Eternal,No Hair,DC Comics,white,-99,-99
616,Speedball,good,Male,-,-,-,Marvel Comics,-,-99,-99
617,Speedy,good,Male,-,Human,-,DC Comics,-,-99,-99
618,Speedy,good,Female,green,Human,Brown,DC Comics,-,-99,-99
619,Spider-Carnage,bad,Male,-,Symbiote,-,Marvel Comics,-,-99,-99
620,Spider-Girl,good,Female,blue,Human,Brown,Marvel Comics,-,170,54
621,Spider-Gwen,good,Female,blue,Human,Blond,Marvel Comics,-,165,56
622,Spider-Man,good,Male,hazel,Human,Brown,Marvel Comics,-,178,74
623,Spider-Man,good,-,red,Human,Brown,Marvel Comics,-,178,77
624,Spider-Man,good,Male,brown,Human,Black,Marvel Comics,-,157,56
625,Spider-Woman,good,Female,green,Human,Black,Marvel Comics,-,178,59
626,Spider-Woman II,good,Female,-,-,-,Marvel Comics,-,-99,-99
627,Spider-Woman III,good,Female,brown,-,Brown,Marvel Comics,-,173,55
628,Spider-Woman IV,bad,Female,red,-,White,Marvel Comics,-,178,58
629,Spock,good,Male,brown,Human-Vulcan,Black,Star Trek,-,185,81
630,Spyke,good,Male,brown,Mutant,Blond,Marvel Comics,-,183,83
631,Stacy X,good,Female,-,-,-,Marvel Comics,-,-99,-99
632,Star-Lord,good,Male,blue,Human-Spartoi,Blond,Marvel Comics,-,188,79
633,Stardust,good,Male,-,-,-,Marvel Comics,-,-99,-99
634,Starfire,good,Female,green,Tamaranean,Auburn,DC Comics,orange,193,71
635,Stargirl,good,Female,blue,Human,Blond,DC Comics,-,165,62
636,Static,good,Male,brown,Mutant,Black,DC Comics,-,170,63
637,Steel,good,Male,brown,-,No Hair,DC Comics,-,201,131
638,Stephanie Powell,good,Female,-,-,Blond,ABC Studios,-,-99,-99
639,Steppenwolf,bad,Male,red,New God,Black,DC Comics,white,183,91
640,Storm,good,Female,blue,Mutant,White,Marvel Comics,-,180,57
641,Stormtrooper,bad,Male,-,Human,-,George Lucas,-,183,-99
642,Sunspot,good,Male,brown,Mutant,black,Marvel Comics,-,173,77
643,Superboy,good,Male,blue,-,Black,DC Comics,-,170,68
644,Superboy-Prime,bad,Male,blue,Kryptonian,Black / Blue,DC Comics,-,180,77
645,Supergirl,good,Female,blue,Kryptonian,Blond,DC Comics,-,165,54
646,Superman,good,Male,blue,Kryptonian,Black,DC Comics,-,191,101
647,Swamp Thing,bad,Male,red,God / Eternal,No Hair,DC Comics,green,-99,-99
648,Swarm,bad,Male,yellow,Mutant,No Hair,Marvel Comics,yellow,196,47
649,Sylar,bad,Male,-,-,-,NBC - Heroes,-,-99,-99
650,Synch,good,Male,brown,-,Black,Marvel Comics,-,180,74
651,T-1000,bad,Male,-,Android,-,Dark Horse Comics,silver,183,146
652,T-800,bad,Male,red,Cyborg,-,Dark Horse Comics,-,-99,176
653,T-850,bad,Male,red,Cyborg,-,Dark Horse Comics,-,-99,198
654,T-X,bad,Female,-,Cyborg,-,Dark Horse Comics,silver,-99,149
655,Taskmaster,bad,Male,brown,Human,Brown,Marvel Comics,-,188,99
656,Tempest,good,Female,brown,-,Black,Marvel Comics,-,163,54
657,Thanos,bad,Male,red,Eternal,No Hair,Marvel Comics,purple,201,443
658,The Cape,good,Male,-,-,-,,-,-99,-99
659,The Comedian,neutral,Male,brown,Human,Black,DC Comics,-,188,101
660,Thing,good,Male,blue,Human / Radiation,No Hair,Marvel Comics,-,183,225
661,Thor,good,Male,blue,Asgardian,Blond,Marvel Comics,-,198,288
662,Thor Girl,good,Female,blue,Asgardian,Blond,Marvel Comics,-,175,143
663,Thunderbird,good,Male,brown,-,Black,Marvel Comics,-,185,101
664,Thunderbird II,good,Male,-,-,-,Marvel Comics,-,-99,-99
665,Thunderbird III,good,Male,brown,-,Black,Marvel Comics,-,175,74
666,Thunderstrike,good,Male,blue,-,Blond,Marvel Comics,-,198,288
667,Thundra,good,Female,green,-,Red,Marvel Comics,-,218,158
668,Tiger Shark,bad,Male,grey,Human,No Hair,Marvel Comics,grey,185,203
669,Tigra,good,Female,green,-,Auburn,Marvel Comics,-,178,81
670,Tinkerer,bad,Male,brown,-,White,Marvel Comics,-,163,54
671,Titan,good,Male,-,-,-,HarperCollins,-,-99,-99
672,Toad,neutral,Male,black,Mutant,Brown,Marvel Comics,green,175,76
673,Toxin,good,Male,blue,Symbiote,Brown,Marvel Comics,-,188,97
674,Toxin,good,Male,black,Symbiote,Blond,Marvel Comics,-,191,117
675,Tracy Strauss,good,Female,-,-,-,NBC - Heroes,-,-99,-99
676,Trickster,-,Male,blue,Human,Blond,DC Comics,-,183,81
677,Trigon,bad,Male,yellow,God / Eternal,Black,DC Comics,red,-99,-99
678,Triplicate Girl,good,Female,purple,-,Brown,DC Comics,-,168,59
679,Triton,good,Male,green,Inhuman,No Hair,Marvel Comics,green,188,86
680,Two-Face,bad,Male,-,-,-,DC Comics,-,183,82
681,Ultragirl,good,Female,blue,-,Blond,Marvel Comics,-,168,105
682,Ultron,bad,Male,red,Android,-,Marvel Comics,silver,206,331
683,Utgard-Loki,bad,Male,blue,Frost Giant,White,Marvel Comics,-,15.2,58
684,Vagabond,good,Female,blue,-,Strawberry Blond,Marvel Comics,-,168,54
685,Valerie Hart,good,Female,hazel,-,Black,Team Epic TV,-,175,56
686,Valkyrie,good,Female,blue,-,Blond,Marvel Comics,-,191,214
687,Vanisher,bad,Male,green,-,No Hair,Marvel Comics,-,165,79
688,Vegeta,bad,Male,-,Saiyan,Black,Shueisha,-,168,73
689,Venom,bad,Male,blue,Symbiote,Strawberry Blond,Marvel Comics,-,191,117
690,Venom II,bad,Male,brown,-,Black,Marvel Comics,-,175,50
691,Venom III,bad,Male,brown,Symbiote,Brown,Marvel Comics,-,229,334
692,Venompool,-,Male,-,Symbiote,-,Marvel Comics,-,226,-99
693,Vertigo II,good,Female,blue,-,Silver,Marvel Comics,-,168,52
694,Vibe,good,Male,brown,Human,Black,DC Comics,-,178,71
695,Vindicator,good,Female,green,Human,Red,Marvel Comics,-,165,54
696,Vindicator,good,Male,-,-,-,Marvel Comics,-,-99,-99
697,Violator,bad,Male,-,-,-,Image Comics,-,-99,-99
698,Violet Parr,good,Female,violet,Human,Black,Dark Horse Comics,-,137,41
699,Vision,good,Male,gold,Android,No Hair,Marvel Comics,red,191,135
700,Vision II,good,-,red,-,No Hair,Marvel Comics,-,191,135
701,Vixen,good,Female,amber,Human,Black,DC Comics,-,175,63
702,Vulcan,good,Male,black,-,Black,Marvel Comics,-,-99,-99
703,Vulture,bad,Male,brown,Human,No Hair,Marvel Comics,-,180,79
704,Walrus,bad,Male,blue,Human,Black,Marvel Comics,-,183,162
705,War Machine,good,Male,brown,Human,Brown,Marvel Comics,-,185,95
706,Warbird,good,Female,blue,-,Blond,Marvel Comics,-,180,54
707,Warlock,good,Male,red,-,Blond,Marvel Comics,-,188,108
708,Warp,bad,Male,brown,-,Black,DC Comics,-,173,67
709,Warpath,good,Male,brown,Mutant,Black,Marvel Comics,-,218,158
710,Wasp,good,Female,blue,Human,Auburn,Marvel Comics,-,163,50
711,Watcher,good,Male,-,-,-,Marvel Comics,-,-99,-99
712,Weapon XI,bad,Male,-,-,-,Marvel Comics,-,-99,-99
713,White Canary,bad,Female,brown,Human,Black,DC Comics,-,-99,-99
714,White Queen,good,Female,blue,-,Blond,Marvel Comics,-,178,65
715,Wildfire,good,Male,-,-,-,DC Comics,-,-99,-99
716,Winter Soldier,good,Male,brown,Human,Brown,Marvel Comics,-,175,117
717,Wiz Kid,good,-,brown,-,Black,Marvel Comics,-,140,39
718,Wolfsbane,good,Female,green,-,Auburn,Marvel Comics,-,366,473
719,Wolverine,good,Male,blue,Mutant,Black,Marvel Comics,-,160,135
720,Wonder Girl,good,Female,blue,Demi-God,Blond,DC Comics,-,165,51
721,Wonder Man,good,Male,red,-,Black,Marvel Comics,-,188,171
722,Wonder Woman,good,Female,blue,Amazon,Black,DC Comics,-,183,74
723,Wondra,good,Female,-,-,-,Marvel Comics,-,-99,-99
724,Wyatt Wingfoot,good,Male,brown,-,Black,Marvel Comics,-,196,117
725,X-23,good,Female,green,Mutant / Clone,Black,Marvel Comics,-,155,50
726,X-Man,good,Male,blue,-,Brown,Marvel Comics,-,175,61
727,Yellow Claw,bad,Male,blue,-,No Hair,Marvel Comics,-,188,95
728,Yellowjacket,good,Male,blue,Human,Blond,Marvel Comics,-,183,83
729,Yellowjacket II,good,Female,blue,Human,Strawberry Blond,Marvel Comics,-,165,52
730,Ymir,good,Male,white,Frost Giant,No Hair,Marvel Comics,white,304.8,-99
731,Yoda,good,Male,brown,Yoda's species,White,George Lucas,green,66,17
732,Zatanna,good,Female,blue,Human,Black,DC Comics,-,170,57
733,Zoom,bad,Male,red,-,Brown,DC Comics,-,185,81
